id,name,age,gender,address,email,phone,courses,gpa,image
1,John Doe,20,Male,"{'street': '123 Main Street', 'city': 'Cityville', 'zip': '12345', 'country': 'USA'}",john.doe@example.com,555-123-4567,"['Mathematics', 'Physics']",3.8,https://fakeimg.pl/500x500/cc6600
2,Jane Smith,21,Female,"{'street': '456 Park Avenue', 'city': 'Townsville', 'zip': '67890', 'country': 'USA'}",jane.smith@example.com,555-987-6543,"['Chemistry', 'Biology']",3.6,https://fakeimg.pl/500x500/cc6601
3,Michael Johnson,22,Male,"{'street': '789 Oak Street', 'city': 'Villageland', 'zip': '54321', 'country': 'USA'}",michael.johnson@example.com,555-456-7890,"['History', 'English']",3.5,https://fakeimg.pl/500x500/cc6602
4,Emily Brown,20,Female,"{'street': '101 Elm Street', 'city': 'Cityburg', 'zip': '98765', 'country': 'USA'}",emily.brown@example.com,555-234-5678,"['Computer Science', 'Art']",3.9,https://fakeimg.pl/500x500/cc6603
5,William Lee,23,Male,"{'street': '222 Maple Avenue', 'city': 'Townburg', 'zip': '13579', 'country': 'USA'}",william.lee@example.com,555-765-4321,"['Economics', 'Political Science']",3.7,https://fakeimg.pl/500x500/cc6604
6,Olivia Wilson,21,Female,"{'street': '333 Oakwood Drive', 'city': 'Villetown', 'zip': '24680', 'country': 'USA'}",olivia.wilson@example.com,555-876-5432,"['Psychology', 'Sociology']",3.4,https://fakeimg.pl/500x500/cc6605
7,Daniel Garcia,22,Male,"{'street': '444 Pine Street', 'city': 'Townsville', 'zip': '13579', 'country': 'USA'}",daniel.garcia@example.com,555-678-9012,"['Computer Engineering', 'Physics']",3.8,https://fakeimg.pl/500x500/cc6606
8,Sophia Martinez,20,Female,"{'street': '555 Cedar Lane', 'city': 'Cityburg', 'zip': '86420', 'country': 'USA'}",sophia.martinez@example.com,555-890-1234,"['Biology', 'Chemistry']",3.6,https://fakeimg.pl/500x500/cc6607
9,Ethan Lopez,23,Male,"{'street': '666 Elm Avenue', 'city': 'Villageland', 'zip': '97531', 'country': 'USA'}",ethan.lopez@example.com,555-234-5678,"['Mathematics', 'Computer Science']",3.9,https://fakeimg.pl/500x500/cc6608
10,Isabella Rodriguez,21,Female,"{'street': '777 Maple Road', 'city': 'Townburg', 'zip': '75309', 'country': 'USA'}",isabella.rodriguez@example.com,555-876-5432,"['Literature', 'History']",3.7,https://fakeimg.pl/500x500/cc6609
11,James Hernandez,22,Male,"{'street': '888 Oakwood Drive', 'city': 'Villetown', 'zip': '64237', 'country': 'USA'}",james.hernandez@example.com,555-765-4321,"['Psychology', 'Sociology']",3.5,https://fakeimg.pl/500x500/cc6610
12,Charlotte Lopez,20,Female,"{'street': '999 Pine Avenue', 'city': 'Cityville', 'zip': '52849', 'country': 'USA'}",charlotte.lopez@example.com,555-901-2345,"['Economics', 'Political Science']",3.8,https://fakeimg.pl/500x500/cc6611
13,Alexander Scott,21,Male,"{'street': '111 Elm Street', 'city': 'Villageville', 'zip': '34678', 'country': 'USA'}",alexander.scott@example.com,555-789-0123,"['Computer Science', 'Data Science']",3.9,https://fakeimg.pl/500x500/cc6612
14,Mia Jenkins,22,Female,"{'street': '222 Oak Avenue', 'city': 'Citytown', 'zip': '98234', 'country': 'USA'}",mia.jenkins@example.com,555-345-6789,"['Art', 'Design']",3.6,https://fakeimg.pl/500x500/cc6613
15,William Adams,23,Male,"{'street': '333 Maple Lane', 'city': 'Towntown', 'zip': '78543', 'country': 'USA'}",william.adams@example.com,555-012-3456,"['Chemistry', 'Biology']",3.7,https://fakeimg.pl/500x500/cc6614
16,Sakura Tanaka,21,Female,"{'street': '123 Sakura Street', 'city': 'Tokyo', 'zip': '12345', 'country': 'Japan'}",sakura.tanaka@example.com,555-123-4567,"['Computer Science', 'Japanese Literature']",3.9,https://fakeimg.pl/500x500/1f77b4
17,Noah Roberts,21,Male,"{'street': '555 Cedar Lane', 'city': 'Twinville', 'zip': '64321', 'country': 'USA'}",noah.roberts@example.com,555-890-1234,"['History', 'Literature']",3.5,https://fakeimg.pl/500x500/cc6616
18,Ava Turner,22,Female,"{'street': '666 Elm Avenue', 'city': 'Cityland', 'zip': '58764', 'country': 'USA'}",ava.turner@example.com,555-234-5678,"['Mathematics', 'Physics']",3.9,https://fakeimg.pl/500x500/cc6617
19,Ethan Parker,23,Male,"{'street': '777 Oak Street', 'city': 'Villeton', 'zip': '98765', 'country': 'USA'}",ethan.parker@example.com,555-345-6789,"['Computer Engineering', 'Electronics']",3.7,https://fakeimg.pl/500x500/cc6618
20,Sophia Evans,21,Female,"{'street': '888 Maple Avenue', 'city': 'Townton', 'zip': '45678', 'country': 'USA'}",sophia.evans@example.com,555-890-1234,"['English', 'Communication']",3.9,https://fakeimg.pl/500x500/cc6619
21,Jackson Stewart,22,Male,"{'street': '999 Elm Lane', 'city': 'Cityville', 'zip': '56789', 'country': 'USA'}",jackson.stewart@example.com,555-012-3456,"['Business', 'Finance']",3.6,https://fakeimg.pl/500x500/cc6620
22,Isabella Clark,20,Female,"{'street': '111 Pine Avenue', 'city': 'Villageburg', 'zip': '45678', 'country': 'USA'}",isabella.clark@example.com,555-678-9012,"['Chemistry', 'Biology']",3.8,https://fakeimg.pl/500x500/cc6621
23,Aiden Turner,21,Male,"{'street': '222 Elm Lane', 'city': 'Cityland', 'zip': '34567', 'country': 'USA'}",aiden.turner@example.com,555-789-0123,"['Art', 'Design']",3.7,https://fakeimg.pl/500x500/cc6622
24,Charlotte Foster,22,Female,"{'street': '333 Maple Avenue', 'city': 'Twinville', 'zip': '23456', 'country': 'USA'}",charlotte.foster@example.com,555-234-5678,"['Psychology', 'Sociology']",3.9,https://fakeimg.pl/500x500/cc6623
25,Mason Ramirez,23,Male,"{'street': '444 Oak Street', 'city': 'Villetown', 'zip': '34567', 'country': 'USA'}",mason.ramirez@example.com,555-678-9012,"['Computer Science', 'Mathematics']",3.5,https://fakeimg.pl/500x500/cc6624
26,Scarlett Ward,22,Female,"{'street': '555 Pine Avenue', 'city': 'Townsville', 'zip': '23456', 'country': 'USA'}",scarlett.ward@example.com,555-890-1234,"['English Literature', 'History']",3.8,https://fakeimg.pl/500x500/cc6625
27,Logan Collins,21,Male,"{'street': '666 Elm Lane', 'city': 'Citytown', 'zip': '12345', 'country': 'USA'}",logan.collins@example.com,555-012-3456,"['Business Administration', 'Economics']",3.6,https://fakeimg.pl/500x500/cc6626
28,Zoe Mitchell,20,Female,"{'street': '777 Maple Avenue', 'city': 'Villagetown', 'zip': '56789', 'country': 'USA'}",zoe.mitchell@example.com,555-345-6789,"['Physics', 'Engineering']",3.7,https://fakeimg.pl/500x500/cc6627
29,Michael Martinez,21,Male,"{'street': '888 Oak Street', 'city': 'Villeland', 'zip': '45678', 'country': 'USA'}",michael.martinez@example.com,555-789-0123,"['Chemical Engineering', 'Materials Science']",3.9,https://fakeimg.pl/500x500/cc6628
30,Ava Rivera,22,Female,"{'street': '999 Pine Avenue', 'city': 'Townland', 'zip': '34567', 'country': 'USA'}",ava.rivera@example.com,555-234-5678,"['Fine Arts', 'Graphic Design']",3.8,https://fakeimg.pl/500x500/cc6629
31,Ethan Brooks,23,Male,"{'street': '111 Elm Lane', 'city': 'Cityville', 'zip': '12345', 'country': 'USA'}",ethan.brooks@example.com,555-890-1234,"['Computer Engineering', 'Electrical Engineering']",3.7,https://fakeimg.pl/500x500/cc6630
32,Olivia Hernandez,22,Female,"{'street': '222 Maple Avenue', 'city': 'Villetown', 'zip': '23456', 'country': 'USA'}",olivia.hernandez@example.com,555-012-3456,"['Psychology', 'Sociology']",3.9,https://fakeimg.pl/500x500/cc6631
33,Aiden Davis,20,Male,"{'street': '333 Oak Street', 'city': 'Towntown', 'zip': '34567', 'country': 'USA'}",aiden.davis@example.com,555-234-5678,"['Biology', 'Chemistry']",3.6,https://fakeimg.pl/500x500/cc6632
34,Sophia Clark,21,Female,"{'street': '444 Pine Avenue', 'city': 'Citytown', 'zip': '45678', 'country': 'USA'}",sophia.clark@example.com,555-345-6789,"['English', 'Journalism']",3.8,https://fakeimg.pl/500x500/cc6633
35,Liam Evans,22,Male,"{'street': '555 Elm Lane', 'city': 'Villagetown', 'zip': '56789', 'country': 'USA'}",liam.evans@example.com,555-789-0123,"['Physics', 'Astronomy']",3.7,https://fakeimg.pl/500x500/cc6634
36,Amelia Turner,21,Female,"{'street': '666 Oak Street', 'city': 'Villeland', 'zip': '67890', 'country': 'USA'}",amelia.turner@example.com,555-890-1234,"['Chemical Engineering', 'Environmental Science']",3.9,https://fakeimg.pl/500x500/cc6635
37,Noah Martinez,23,Male,"{'street': '777 Maple Avenue', 'city': 'Treetown', 'zip': '78901', 'country': 'USA'}",noah.martinez@example.com,555-012-3456,"['Computer Science', 'Data Science']",3.8,https://fakeimg.pl/500x500/cc6636
38,Sohyun Park,23,Female,"{'street': '456 Han Street', 'city': 'Seoul', 'zip': '54321', 'country': 'South Korea'}",sohyun.park@example.com,555-987-6543,"['Computer Engineering', 'Data Science']",3.6,https://fakeimg.pl/500x500/ffcc29
39,Logan Lee,21,Male,"{'street': '999 Oak Street', 'city': 'Cityland', 'zip': '90123', 'country': 'USA'}",logan.lee@example.com,555-345-6789,"['History', 'Political Science']",3.5,https://fakeimg.pl/500x500/cc6638
40,Mia Green,22,Female,"{'street': '1010 Elm Lane', 'city': 'Villetown', 'zip': '01234', 'country': 'USA'}",mia.green@example.com,555-678-9012,"['Art', 'Design']",3.6,https://fakeimg.pl/500x500/cc6639
